{
  "$schema": "https://schema.management.azure.com/schemas/2019-04-01/deploymentTemplate.json#",
  "contentVersion": "1.0.0.0",
  "parameters": {
     "deploymentPrefix": {
     "type": "string",
     "minLength": 3,
     "maxLength": 8
      },
    "storageAccountType": {
      "type": "string",
      "defaultValue": "Standard_GRS",
      "allowedValues": [
        "Standard_LRS",
        "Standard_GRS",
        "Standard_ZRS",
        "Premium_LRS"
      ],
      "metadata": {
        "description": "Storage Account type"
      }
    },
    "location": {
      "type": "string",
      "defaultValue": "[resourceGroup().location]",
      "metadata": {
        "description": "Location for all resources."
      }}
  },
  "variables": {
   "uniqueSAName": "07224kameshstgacct10"
 },
  "resources": [
    {
      "type": "Microsoft.Storage/storageAccounts",
      "apiVersion": "2019-04-01",
      "name": "[variables('uniqueSAName')]",
      "location": "[parameters('location')]",
      "tags": 
          {
              "displayName": "demo-storageacc01"
          }
      ,
      "sku": {
        "name": "[parameters('storageAccountType')]"
      },
      "kind": "StorageV2",
      "properties": {}
    }
  ],
  "outputs": {
  }
}